,sku,categories,category_name,discount,final_price,avg_rating
0,173530386,Beauty,Eye Shadow Stick,0.0,22.9,4.0
1,430528189,Home,Blackout Curtains,22.92,47.88,4.551724137931035
2,6013308220,Clothing,Plus Size Tops,4.75,33.24,5.0
3,161657830,Home,King Duvet Covers,22.0,49.99,4.663366336633663
4,5397071399,Clothing,Boys Outfit Sets,16.01,12.99,4.4
5,512809025,Clothing,Underwire Bras,12.0,28.0,4.431578947368421
6,2749504314,Clothing,Womens One-piece Swimsuits,12.0,19.99,4.333333333333333
7,5184785010,Clothing,Womens Workwear Sweaters,3.0,22.99,4.196428571428571
8,5164703747,Clothing,Womens Nightshirts & Gowns,5.89,6.09,4.719211822660099
9,5155961106,Clothing,Mens Pajama Sets,13.0,24.99,4.647058823529412
10,908232424,Beauty,Eyelash Enhancer,31.02,36.98,4.63546255506608
11,904020893,Home,Floor Decor,9.71,46.49,4.673469387755102
12,17245067,Clothing,Mens Wide Shoes,55.53,123.0,4.512396694214876
13,2363655537,Home,Colored Sheets,5.5,49.5,5.0
14,5702032013,Clothing,Womens Two Piece Sets,15.0,44.88,4.181818181818182
15,781490570,Clothing,Men's Disney Tees,4.0,14.99,5.0
16,1341833689,Clothing,Womens Workout Bottoms,2.0,14.99,3.0
17,3813188391,Clothing,Tshirts for Women,14.01,19.99,4.034883720930233
18,5292666872,Home,Colored Sheets,13.0,64.99,4.770186335403727
19,1897403279,Sports & Outdoors,Cycling Pants,6.1,11.89,3.732824427480916
20,2138573500,Home,Shoe Racks,24.0,15.99,4.362068965517241
21,5219131585,Clothing,Womens Tank Tops,22.0,13.99,4.541091781643671
22,871530694,Clothing,Mens Slim Fit Jeans,3.02,23.93,5.0
23,891036133,Home,Throw Pillow Covers,5.16,22.09,4.375
24,1774083175,Clothing,Mens Jeans,5.0,29.99,5.0
25,1093743201,Home,Bed Blankets,29.99,25.99,4.515625
26,411359040,Beauty,All Makeup,4.0,30.0,4.751304347826087
27,1612728569,Home,Cooling Sheets,6.4,57.6,5.0
28,2150292673,Clothing,Plus Size Tops,4.01,19.98,4.806451612903226
29,1507001378,Clothing,Lingerie Sets,0.59,0.99,1.3333333333333333
30,293084792,Home,Upholstered Headboards,91.0,44.0,4.45945945945946
31,5041920521,Clothing,Plus Size Tops,7.01,19.98,4.675324675324675
32,2834781358,Home,Shop All Bar Stools & Counter Stools,323.0,239.99,4.428571428571429
33,306465658,Food,Medium Roast Coffee,0.0,54.99,4.837209302325581
34,5809585615,Jewelry,Mens Rings,33.04,15.95,4.8533333333333335
35,5291664103,Clothing,Womens Blouses,15.17,13.83,3.7
36,5062553620,Personal Care,Dry Mouth Mouthwash,0.0,9.84,4.568141592920354
37,469036214,Patio & Garden,Full Bases,135.0,204.99,4.193548387096774
38,790957653,Clothing,Baby Girls Clothing,3.44,12.45,4.0
39,5295270812,Patio & Garden,Shop All Patio Furniture,115.0,354.99,4.588516746411483
40,668480724,Home,Bedding Sets,40.99,24.99,4.5175
41,102593173,Clothing,Mens Workout Shirts,13.2,19.8,4.333333333333333
42,2785607950,Home,White Sheets,10.3,92.69,5.0
43,362341632,Personal Care,Oral Care Accessories,3.0,9.99,5.0
44,5702523237,Sports & Outdoors,Golf Shirts,3.0,15.99,5.0
45,3922793394,Jewelry,Womens Rings,31.75,11.24,4.842105263157895
46,831123723,Clothing,Womens Nightshirts & Gowns,3.12,20.87,4.102325581395349
47,1017487270,Clothing,Block Heels,12.0,29.99,4.538461538461538
48,435835263,Clothing,Plus Size Activewear,7.0,9.99,4.111111111111111
49,5053396247,Clothing,Womens Sweatshirts & Hoodies,4.0,14.99,4.148936170212766
50,3099936296,Home,Colored Sheets,6.1,54.9,5.0
51,1727244137,Home,Heating Mattress toppers,39.01,75.99,4.571428571428571
52,5439347407,Sports & Outdoors,Adult Electric Scooters,340.0,569.99,4.68284789644013
53,485354607,Clothing,Stilettos,5.0,42.99,4.452253628724217
54,179112912,Health and Medicine,Beta Carotene,5.13,41.86,4.166666666666667
55,640096014,Clothing,Plus Size Activewear,3.99,6.36,1.8125
56,1359948905,Clothing,Plus Size Jeans,6.64,32.77,3.810457516339869
57,531529503,Clothing,Workout Leggings,2.6,23.39,4.266666666666667
58,944207748,Clothing,Ballet Flats,19.0,38.99,3.7685185185185186
59,896931395,Clothing,Plus Size Tshirts,1.7,15.29,4.181818181818182
60,602315286,Home,Bed Sheets,2.5,22.5,4.541176470588235
61,1097677016,Home,Pillowcases,6.25,24.99,4.785714285714286
62,2200709686,Home,Shop Curtains,35.2,140.8,5.0
63,264801526,Home,Bed Skirts,2.5,22.49,4.357142857142857
64,3475370853,Home,Cooling Sheets,6.3,56.7,5.0
65,3795586746,Clothing,Mens Workout Shirts,2.46,19.99,4.9
66,6126862324,Home,Twin Sheets,12.0,34.97,4.845910138248848
67,283514640,Clothing,Womens Shoes,17.0,18.99,4.64786795048143
68,5155882858,Clothing,Womens Blouses,17.0,13.99,4.700980392156863
69,1892659971,Clothing,Womens Nightshirts & Gowns,19.0,19.99,4.666666666666667
70,1426167428,Clothing,Big and Tall Graphic Tees,3.0,15.99,4.25
71,1792864118,Clothing,Womens Leggings,0.8,5.79,3.0
72,6918363302,Clothing,Womens Pajama Sets,22.0,23.99,5.0
73,1807242420,Home,Bed Sheets,3.99,9.3,4.0
74,751510659,Clothing,Womens Athletic Shorts,3.05,9.94,4.5514018691588785
75,34203165,Pets,Pets Subscription,0.0,16.73,4.056728232189974
76,25997723,Premium Beauty,Premium Cologne for Men,19.1,64.9,3.1
77,5219876777,Clothing,Boys Athletic Shirts,5.87,6.13,5.0
78,1063134991,Clothing,Mens Workout Pants,32.01,15.99,4.25
79,696459227,Clothing,Hanes Mens T-Shirts,14.39,14.61,4.129285014691479
80,730250943,Personal Care,Aftershaves,2.55,11.44,4.719626168224299
81,5115609628,Clothing,Womens Pajama Sets,3.0,24.99,3.6666666666666665
82,5028919789,Clothing,Mens Jeans,2.5,18.49,5.0
83,5422818479,Clothing,Womens Athletic Shorts,4.46,26.64,4.282006920415225
84,1589505386,Clothing,Block Heels,8.0,39.99,4.273684210526316
85,373855792,Home,Sheet Sets,32.03,22.96,4.611293399465853
86,225313738,Clothing,Plus Size Tops,20.0,19.99,4.714285714285714
87,1231760315,Clothing,Baby Girls Casual Dresses,10.0,19.99,5.0
88,1900702698,Clothing,Plus Size Activewear,1.8,16.19,3.6296296296296298
89,422458903,Food,Lunchbox favorites,0.0,19.98,4.37037037037037
90,5150469476,Home,Gray Dressers,41.0,63.99,4.436683874886122
91,674437651,Clothing,Underwire Bras,6.81,37.19,4.523751522533495
92,232510830,Clothing,Womens Over the Knee Boots,20.0,49.99,4.790356394129979
93,247655086,Home,Quilt Sets,21.0,47.97,4.795955882352941
94,5684704635,Jewelry,Anniversary Rings,28.15,12.13,4.96
95,6045904134,Clothing,Dresses,4.96,24.99,5.0
96,1808782059,Home,Cooling Sheets,5.7,51.3,5.0
97,3820834403,Home,Shop Curtains,19.6,78.4,5.0
98,588404711,Clothing,Womens Boyfriend Jeans,9.9,89.1,4.569789674952199
99,839659160,Clothing,Womens Casual Shoes,20.0,49.99,4.460264900662252
100,3440558193,Beauty,Cocokind,0.0,21.98,4.687719298245614
101,268590697,Clothing,Womens Casual Shoes,59.02,54.98,4.8
102,5209344136,Clothing,Men's Character Shop,5.2,29.99,5.0
103,230846860,Home,Shop All Teens' Bedding,12.0,32.99,4.722473604826546
104,5260887729,Home,Couch Covers,15.0,19.99,4.65
105,887578061,Clothing,Womens Tank Tops,2.0,12.99,4.254901960784314
106,802163708,Clothing,Briefs,11.18,24.82,4.5
107,3723312924,Home,Shop Curtains,23.2,92.8,5.0
108,680639889,Clothing,Mens Workout Shirts,4.01,9.99,4.3006872852233675
109,945882097,Clothing,Womens Pants,2.2,19.75,3.809128630705394
110,3511393855,Home,All Area Rugs,5.0,25.0,4.576271186440678
111,1829450989,Clothing,Plus Size Tops,6.0,19.99,4.474489795918367
112,2608501628,Home,Cooling Sheets,5.7,51.3,5.0
113,939136581,Clothing,Plus Size Tops,19.0,24.99,4.321276595744681
114,885092913,Food,Campbell's,3.8,33.3,4.629032258064516
115,1543169305,Jewelry,Mens Jewelry,52.0,12.99,4.772151898734177
116,432928663,Clothing,Wireless Bras,21.2,28.8,4.487179487179487
117,152355819,Clothing,Mens Robes,7.5,56.24,4.5
118,412531616,Home,Comforter Sets,6.0,29.99,4.3565891472868215
119,177709330,Home,Heating Mattress toppers,50.0,59.99,4.538562091503268
120,27230944,Health and Medicine,Dietary supplements,10.56,33.43,3.0
121,10308385,Food,Seasoning mixes & blends,0.0,4.43,4.47945205479452
122,2155265261,Home,Colored Sheets,10.3,92.69,5.0
123,821774391,Clothing,Womens Casual Shoes,20.0,49.99,4.557377049180328
124,753681550,Clothing,Mens T-Shirts,10.4,15.6,5.0
125,1446529388,Clothing,Baby Girls Casual Dresses,6.63,22.99,3.6666666666666665
126,1210385172,Baby,Toddler Bedding Sets & Sheets,4.4,39.59,5.0
127,354688867,Home,Desk Chairs,95.0,32.99,4.60352422907489
128,5379906696,Clothing,School Backpacks,1.96,14.98,4.7578616352201255
129,5043424192,Clothing,Young Adult Sweatshirts & Hoodies,52.0,17.99,4.317460317460317
130,5202943775,Clothing,Womens Blouses,28.0,14.99,4.6
131,5075703391,Home,Bed Blankets,10.0,29.99,4.7407407407407405
132,913982677,Clothing,Plus Size Jeans,9.78,62.74,4.630434782608695
133,1986789930,Baby,Toddler Bedding Sets & Sheets,2.8,25.19,4.0
134,22374157,Household Essentials,Static Guard,9.65,7.96,4.695187165775401
135,907847604,Clothing,Womens Activewear,16.5,22.1,4.133333333333334
136,48812370,Home Improvement,Painter's Tape,1.09,9.79,4.4465478841870825
137,370320502,Clothing,Workout Leggings,5.43,17.7,4.407407407407407
138,528993905,Clothing,Womens Blouses,3.0,19.99,4.4728682170542635
139,331094227,Home,Pillow Top Mattress Toppers,59.01,39.99,4.205607476635514
140,1774925941,Home,Sateen Sheets,14.0,69.99,4.804878048780488
141,3972776250,Home,Shop Curtains,24.0,96.0,5.0
142,1997340049,Clothing,Boys Sandals,26.0,23.99,4.544973544973545
143,370694829,Health and Medicine,MaryRuth Organics,3.54,24.95,4.347222222222222
144,2872285813,Home,Shop Curtains,26.0,104.0,5.0
145,3483895520,Shop with Purpose,For you Health & Beauty,0.0,12.97,4.2
146,3283891047,Clothing,Plus Size Activewear,1.9,17.09,4.428571428571429
147,1950697931,Clothing,Womens Tank Tops,0.7,5.39,3.0
148,1764748346,Health and Medicine,Insoles,2.01,15.98,3.903225806451613
149,871349337,Baby,Size 4 Diapers,0.0,27.38,4.4797097800462335
150,5168273880,Clothing,Plus Size Underwire Bras,0.0,11.98,4.161290322580645
151,5057611924,Clothing,Maternity Blouses & Shirts,4.0,35.99,4.69620253164557
152,1037166405,Clothing,Cardigans for Women,8.09,23.9,4.315789473684211
153,1184654530,Clothing,Plus Size Pants,9.0,19.99,4.148936170212766
154,689096319,Party & Occasions,Metallic Decorative Baking,2.48,9.91,4.666666666666667
155,602748918,Clothing,Men's Movies and TV Tees,4.0,14.99,5.0
156,5502936471,Clothing,Girls Dress Shoes,14.0,14.99,5.0
157,1613734417,Clothing,Womens Dresses,14.49,25.8,4.322222222222222
158,676413174,Clothing,Boys Socks,0.0,6.97,4.386806596701649
159,1722962454,Clothing,Party Dresses,9.64,10.35,5.0
160,956751660,Clothing,Wireless Bras,6.75,13.5,4.9
161,299112609,Food,Water Flavoring,0.0,39.95,4.146341463414634
162,2010024322,Personal Care,Women's Body Wash,21.11,8.88,5.0
163,1560005587,Clothing,Womens Plus Skirts,9.16,46.58,4.73469387755102
164,287819116,Clothing,Mens Cargo Shorts,3.7,26.29,4.180555555555555
165,2484456235,Home,Shop Curtains,25.2,100.8,5.0
166,859305074,Clothing,Womens Plus Swimsuits,3.3,19.69,3.0
167,3808974443,Electronics,Wireless Printers,0.0,4.98,4.823529411764706
168,5443068156,Clothing,Toddler Girls Outfit Sets,10.0,14.99,5.0
169,5421172309,Home,All Area Rugs,67.25,42.74,4.62453531598513
170,1420686922,Clothing,Tshirts for Women,7.0,12.99,4.425249169435216
171,693758408,Party & Occasions,Halloween Themed Clothing,1.9,17.09,4.5
172,10294885,Baby,Baby Snack Foods,0.0,2.72,4.824422843256379
173,3560683924,Beauty,Nails,1.0,3.99,3.6666666666666665
174,5215677549,Clothing,Womens Plus Swimsuits,12.5,47.09,3.6132075471698113
175,5344195287,Clothing,Denim Dressing,3.69,21.99,1.0
176,595025504,Clothing,Big Girls One-piece Pajamas,10.0,34.95,4.375
177,788450043,Clothing,Pajama Bottoms,2.0,12.99,4.214285714285714
178,1995467623,Clothing,Womens Water Shoes,5.0,23.99,4.160714285714286
179,896599636,Home,Down Alternative Comforters,28.8,27.19,4.401315789473684
180,310097871,Clothing,Juniors Jeans,3.0,14.99,3.761904761904762
181,199440001,Beauty,Clean & Clear,3.69,30.77,4.223376623376623
182,1695370897,Home,Shop Curtains,21.6,86.4,3.0
183,1317644392,Clothing,Plus Size Pants,0.9,6.89,5.0
184,5190064929,Clothing,Girls Dresses,9.03,31.96,4.458333333333333
185,110779998,Clothing,High Heels,14.0,29.99,4.387596899224806
186,860549398,Clothing,Womens Blouses,1.8,16.19,4.111111111111111
187,5144555813,Clothing,Water Shoes,10.0,44.99,4.707234240521052
188,2868760641,Clothing,Boys Athletic Shoes,36.0,23.99,3.909090909090909
189,6925859211,Clothing,Plus Size Pants,6.0,19.99,4.148936170212766
190,2716531748,Clothing,Mens Shorts,8.0,19.98,3.8333333333333335
191,112580004,Food,Boxed christmas chocolate,0.0,25.49,4.375
192,6494751477,Clothing,Womens Tops,55.0,14.99,4.391752577319588
193,1204774750,Clothing,Womens Dress Boots,13.93,68.99,4.276315789473684
194,215916201,Clothing,Womens Petite Plus Size,7.02,13.96,4.0
195,321811404,Clothing,Wedges,5.0,27.99,4.597701149425287
196,2095981915,Clothing,Plus Size Jeans,15.01,46.99,4.823529411764706
197,5664556275,Beauty,Garnier Hair Care,0.0,25.41,4.157418576598311
198,784626947,Clothing,Womens Athletic Shorts,1.0,4.39,1.0
199,3927553601,Home,Cooling Sheets,5.6,50.4,5.0
200,729322559,Jewelry,Fine Jewelry,65.0,24.0,4.342281879194631
201,5054051408,Clothing,Womens Casual Shoes,9.95,64.99,4.522222222222222
202,5663974279,Beauty,Conditioning Hair Color,0.0,19.94,3.838079235939158
203,786691113,Clothing,Womens Joggers,1.45,10.53,3.6
204,1180696141,Home,Bedding Sets,22.0,31.99,4.247349823321555
205,5327761690,Clothing,Young Adult Pajamas,8.0,24.99,4.875
206,1336755092,Collectibles,Trading Card Binders & Sleeves,15.0,14.99,4.954545454545454
207,2637400158,Clothing,Womens Sandals,9.0,23.99,4.309859154929577
208,294549868,Clothing,Plus Size Tops,9.9,14.99,4.219858156028369
209,331844620,Home,Colored Sheets,2.75,24.73,4.292929292929293
210,3824041405,Clothing,Jessica London,8.3,67.44,4.7272727272727275
211,2747441586,Clothing,Womens Sweaters,7.0,29.99,4.589041095890411
212,2570740977,Home,Slipcovers,15.0,33.99,4.008620689655173
213,5262717138,Home,Bathroom Rugs & Bath Mats,0.0,25.97,4.693430656934306
214,391028302,Arts Crafts & Sewing,Shop All Fabric,5.99,10.78,3.94
215,910055282,Personal Care,Mineral Sunscreen,4.0,10.99,4.3125
216,1226247035,Food,All Powdered Drink Mix,19.12,19.88,4.806155861165684
217,886368088,Beauty,Lipstick,0.0,5.94,4.3
218,3926647654,Clothing,Plus Size Tops,5.0,25.99,4.239130434782608
219,5323625259,Clothing,Mens Casual Button Down Shirts,10.0,25.0,4.0
220,756191129,Clothing,Womens Workout Bottoms,4.0,30.99,3.7836538461538463
221,1084361448,Clothing,Womens Blouses,0.8,6.09,5.0
222,10997171,Beauty,All Mascara,0.0,10.12,4.331770222743259
223,5247352286,Clothing,Womens Blouses,18.1,14.89,4.538834951456311
224,3053955490,Clothing,Hipsters,1.8,16.19,3.0
225,997055913,Clothing,Plus Size Tops,2.0,14.99,5.0
226,606223683,Home,Duvet Cover Sets,0.0,28.62,4.230769230769231
227,806310789,Clothing,Womens Dresses,3.0,14.99,3.8653846153846154
228,254849903,Home,Colored Sheets,7.47,47.52,4.775229357798165
229,486409223,Home,All Area Rugs,104.84,149.99,4.809523809523809
230,385780287,Clothing,Womens Booties,38.02,51.98,5.0
231,5182915849,Clothing,Mens Boxer Briefs,0.0,19.98,4.775
232,691921425,Home,Colored Sheets,4.01,16.02,4.217391304347826
233,28926816,Food,Kids' Cereal,0.0,7.94,4.592592592592593
234,1435754084,Pets,Rawhides,3.02,11.97,4.715596330275229
235,1179986474,Home,Shop Curtains,0.0,19.98,4.528491620111732
236,1939989912,Clothing,Plus Size Jeans,4.3,38.69,4.5
237,5664506341,Beauty,Conditioning Hair Color,0.0,13.96,4.4199251955117305
238,261700925,Home,All Runner Rugs,7.7,69.3,4.777912621359223
239,5116316140,Clothing,Womens Pajama Sets,12.0,21.99,4.698795180722891
240,11994938,Beauty,Lipstick,0.0,9.47,4.294413407821229
241,887668036,Clothing,Plus Size Dresses,5.13,41.39,4.063197026022305
242,5768017984,Clothing,Womens Swimsuit Tops,2.61,6.66,3.3333333333333335
243,2183881125,Clothing,Boys Sandals,26.0,23.99,4.544973544973545
244,2017664333,Home Improvement,Yellow Paint,30.99,99.0,4.515151515151516
245,2968552747,Clothing,Baby Boys Casual Outfit Sets,1.2,9.63,5.0
246,1462273455,Household Essentials,Shoelaces,4.31,0.91,4.181818181818182
247,2097897368,Clothing,Mens Cargo Pants,4.0,35.97,4.435643564356436
248,393101003,Personal Care,Men's Styling Products,0.0,19.86,4.545454545454546
249,182579201,Clothing,Womens Workwear Blouses,1.9,17.09,4.4
250,301370849,Clothing,Womens Plus Skirts,5.74,44.45,4.73469387755102
251,903463722,Clothing,Mens Work Uniforms,9.9,23.09,5.0
252,1624985447,Food,Ice Cream Bars,0.51,3.97,3.742857142857143
253,2178343909,Clothing,Womens Blouses,3.79,14.96,4.426229508196721
254,3957741810,Clothing,Womens Pants,20.01,14.99,4.352941176470588
255,5016880831,Clothing,Womens Sweatshirts & Hoodies,50.0,19.99,4.369565217391305
256,5480667546,Clothing,Mens Oxfords Shoes,24.1,10.4,1.0
257,1570467303,Clothing,Womens White Dresses,10.0,27.99,5.0
258,2232013390,Clothing,Boys Pajama Sets,0.0,6.98,4.825
259,446599845,Clothing,Plus Size Tops,13.0,16.99,4.387978142076503
260,170712762,Clothing,Underwire Bras,16.76,35.46,4.488095238095238
261,5186308981,Clothing,Womens Blouses,35.0,10.99,4.669014084507042
262,1491092992,Home,Cooling Sheets,5.6,50.4,5.0
263,5506488018,Clothing,Girls Uniform Bottoms,3.0,19.98,4.285714285714286
264,957603867,Clothing,Womens Hoodies,3.0,14.99,4.210355987055016
265,974265277,Subscriptions,browse subscription pantry,0.0,111.62,4.846153846153846
266,2416048003,Home,Shop Curtains,26.8,107.2,4.545454545454546
267,5366405121,Health and Medicine,Look Good While Working Out,17.0,12.99,4.239669421487603
268,1323968162,Clothing,Maternity T-Shirts,3.95,35.54,4.672413793103448
269,373130680,Clothing,Plus Size Jeans,9.06,52.18,4.595959595959596
270,3212008907,Clothing,Boy Shorts,0.0,3.0,4.632911392405063
271,1974609871,Clothing,Casual Dresses,4.04,14.95,5.0
272,717290810,Clothing,Womens Dresses,9.0,25.99,3.75
273,3280135427,Home,Colored Sheets,10.08,89.91,4.2
274,994444000,Home,Bed Skirts,2.6,23.39,4.357142857142857
275,234175198,Home,Colored Sheets,14.0,39.97,4.845910138248848
276,5097979850,Home,Couch Covers,4.0,25.99,4.714285714285714
277,146144209,Beauty,Cologne for Men,55.59,26.41,4.944444444444445
278,565535969,Home,All Area Rugs,119.01,149.99,4.521739130434782
279,2002762091,Home,Cotton Sheets,5.0,29.99,4.455128205128205
280,5270512071,Clothing,Womens Dresses,4.0,25.99,5.0
281,3043754728,Clothing,Womens Activewear,12.0,27.99,4.181102362204724
282,5230931476,Clothing,Womens Activewear,4.02,22.79,4.666666666666667
283,5340752441,Clothing,Plus Size Tshirts,15.0,14.99,4.607407407407408
284,524481378,Clothing,Plus Size Activewear,3.0,20.99,3.7
285,5130393284,Clothing,Plus Size Underwire Bras,0.0,11.98,4.161290322580645
286,1615288442,Clothing,Womens Jumpsuits,13.97,14.99,1.0
287,2205907607,Home,Bedding Sets,40.99,32.99,4.434285714285714
288,2544735639,Home,Bed In A Bag,131.0,31.99,4.343713688124565
289,141757585,Clothing,Boys Swim Trunks,2.0,14.99,4.0
290,5264765893,Clothing,Plus Size Sweaters,4.0,29.99,4.5
291,10294756,Food,Canned fruit,0.78,2.0,4.704166666666667
292,1649464157,Clothing,Midi Dresses,2.0,17.99,3.7344632768361583
293,647837522,Clothing,Plus Size Tops,12.4,13.59,4.746192893401015
294,775961150,Clothing,Mens Casual Button Down Shirts,9.09,38.0,3.442577030812325
295,1540786817,Clothing,Womens Jumpsuits,13.97,14.99,1.0
296,824154912,Clothing,Plus Size Tshirts,5.49,19.95,4.296062992125984
297,864008591,Home,Table Runners,2.04,14.95,3.933333333333333
298,1178468491,Home,Quilt Sets,5.5,22.49,4.383561643835616
299,953950834,Clothing,Mens Pajama Bottoms,5.0,27.95,4.888888888888889
300,606542584,Home,Bed Sheets,9.5,25.99,4.512396694214876
301,5352569431,Clothing,Wallets,11.0,19.99,4.8125
302,393061304,Clothing,Medgear Scrubs,12.3,28.68,3.7444933920704844
303,2126911017,Clothing,Mens Denim Shorts,5.0,19.99,5.0
304,5246848011,Clothing,Plus Size Tops,25.0,10.99,4.393085787451985
305,645104219,Home,All Area Rugs,78.57,173.63,5.0
306,3876384696,Health and Medicine,Shop all Massagers,76.0,69.99,4.5
307,5448526212,Clothing,Womens One-piece Swimsuits,12.0,19.99,4.333333333333333
308,490711747,Home,Shop All Bar Stools & Counter Stools,125.0,124.99,4.5
309,144433429,Home,Down Alternative Comforters,0.0,45.99,4.768115942028985
310,54973324,Home,Fabric Tablecloths,2.9,24.07,5.0
311,1716639656,Clothing,Wireless Bras,0.6,4.09,3.5
312,3423574153,Pets,All Dog Gates,43.33,116.66,4.173913043478261
313,783037189,Clothing,Mens T-Shirts,3.29,8.58,4.580645161290323
314,100662878,Clothing,Mens Pajamas and Robes,12.0,21.99,5.0
315,381553241,Clothing,Mens Work Pants,6.0,13.99,1.0
316,33685485,Beauty,Maybelline Lip Makeup,1.53,11.19,3.9910714285714284
317,302630622,Clothing,Womens Shoes,1.0,7.99,4.022222222222222
318,164144701,Home,Colored Sheets,13.0,37.99,4.707261724659607
319,690394981,Clothing,Womens Dresses,2.0,14.99,4.75
320,180450545,Clothing,Womens Mid Calf Boots,18.6,146.4,4.938775510204081
321,377862424,Clothing,Mens Workout Shorts,5.0,9.99,4.288981288981289
322,5263061952,Clothing,Plus Size Dresses,6.38,39.0,3.953125
323,1329196784,Clothing,Mens Casual Button Down Shirts,2.0,14.99,4.406952965235174
324,5618790028,Clothing,Womens Bras,6.75,14.99,4.428571428571429
325,943189923,Clothing,Baby Girls Clothing,3.0,11.99,4.795918367346939
326,5440778555,Clothing,Mens Polo Shirts,2.46,10.3,1.0
327,2128773109,Clothing,Womens Plus Thermal Sets,6.0,39.99,3.0
328,1577779507,Clothing,Womens Athletic Shorts,21.12,32.88,4.601307189542483
329,1840696696,Clothing,Womens Blouses,25.03,14.96,4.538461538461538
330,1009224046,Clothing,Kids Clothing,16.93,21.99,4.066666666666666
331,10309083,Beauty,Red Hair Dye,0.0,8.99,4.6
332,2089818094,Home,Colored Sheets,10.08,89.91,4.2
333,5336951329,Home,Couch Covers,16.0,39.99,4.798076923076923
334,667101829,Clothing,Mens Safety Shoes,36.06,99.95,4.6
335,5617872175,Clothing,Womens Pants,16.0,23.99,4.8076923076923075
336,516529863,Home,Bathroom Rugs & Bath Mats,4.0,31.99,3.7205882352941178
337,3230824340,Clothing,Mens Cargo Shorts,5.0,29.99,4.180555555555555
338,245581709,Party & Occasions,Halloween Themed Clothing,4.0,14.99,3.911764705882353
339,1983309413,Home,Quilts,70.0,44.99,4.824675324675325
340,5108346618,Home,King Beds,330.0,269.99,4.666666666666667
341,1699095797,Clothing,Plus Size Tshirts,0.9,6.19,4.0
342,1208578847,Sports & Outdoors,Men's Hiking Pants,4.0,35.97,4.435643564356436
343,265927683,Clothing,Mens Graphic Tees,3.0,17.99,5.0
344,3675207718,Clothing,Baby Boys Casual Outfit Sets,5.01,9.98,4.833333333333333
345,3644855526,Home,Cooling Sheets,6.3,56.7,5.0
346,222849703,Home,Bathroom Rugs & Bath Mats,5.0,21.99,4.307291666666667
347,529767263,Clothing,Mens Regular Fit Jeans,21.03,48.47,4.025910723447922
348,790279534,Clothing,Plus Size Activewear,3.3,29.69,4.136363636363637
349,5313791616,Clothing,Boys Athletic Shirts,1.51,13.48,4.75
350,832929384,Sports & Outdoors,Football Pants,13.6,27.95,1.0
351,5662896790,Personal Care,Native Deodorant,0.0,25.94,4.02062527138515
352,5417683805,Clothing,Mens Swimwear,25.01,14.98,4.571428571428571
353,3754763373,Clothing,Mens Casual Button Down Shirts,11.02,41.17,4.4375
354,5033822215,Home,Colored Sheets,27.0,27.99,4.830188679245283
355,141988874,Clothing,Fruit of the Loom Mens T-Shirts,1.24,5.85,4.5423728813559325
356,5075840147,Home,All Runner Rugs,14.3,128.7,4.604938271604938
357,5359370591,Clothing,Womens Athletic Shorts,17.0,12.99,4.239669421487603
358,1500372373,Clothing,Hanes Mens Shorts,12.0,8.0,4.446096654275093
359,1696601956,Home,Cooling Sheets,8.0,72.0,5.0
360,5334053510,Home,All Runner Rugs,17.6,42.39,4.4323374340949035
361,963319137,Clothing,Pajama Bottoms,5.07,24.9,4.675
362,37684787,Personal Care,All Toothpaste,0.0,13.2,4.428571428571429
363,565404638,Home,Desk Chairs,88.76,43.99,4.2272727272727275
364,582026356,Home,All Area Rugs,9.01,29.99,4.809523809523809
365,2975640420,Clothing,Womens Tops,15.0,17.99,4.349253731343284
366,136966561,Clothing,Underwire Bras,9.5,28.5,4.714285714285714
367,5273430664,Clothing,Bralettes,3.94,16.0,4.264705882352941
368,141383946,Clothing,Womens Tops,14.85,29.99,3.3442622950819674
369,5617872169,Clothing,Womens Pants,25.0,14.99,4.8076923076923075
370,166233692,Clothing,Underwire Bras,8.09,45.91,3.1666666666666665
371,780851550,Clothing,Plus Size Dresses,2.2,6.59,1.0
372,2007589965,Patio & Garden,Shop All Patio Sets,958.0,1471.99,4.6
373,2503512087,Clothing,Womens Panties,2.2,10.8,4.315789473684211
374,3830058162,Home,Cooling Sheets,9.08,80.91,5.0
375,2170655278,Home,Shop Curtains,29.2,116.8,5.0
376,921078120,Clothing,Mens Work Uniforms,10.5,24.49,5.0
377,2601975366,Clothing,Womens Blouses,20.0,13.99,4.711111111111111
378,257806313,Clothing,Mens Briefs,3.45,19.54,4.674157303370786
379,5661609867,Beauty,Red Hair Dye,0.0,10.5,4.00023588614562
380,328244696,Food,Boxed christmas chocolate,0.0,19.58,4.617647058823529
381,5205738441,Clothing,Womens Casual Shoes,9.95,69.99,4.402298850574713
382,1217339941,Clothing,Plus Size Tops,5.97,13.99,3.6129032258064515
383,5642502722,Sports & Outdoors,All Baseball Gear & Equipments,3.6,32.39,4.363636363636363
384,522908316,Clothing,Workout Leggings,2.2,19.79,4.367816091954023
385,618032539,Health and Medicine,All Vitamins & Supplements,2.29,12.99,4.628571428571429
386,318615006,Clothing,Plus Size Dresses,1.4,7.79,1.0
387,1578815246,Clothing,Womens Pajama Sets,8.0,20.99,4.666666666666667
388,1932369237,Home,Duvet Covers,62.0,32.99,4.232558139534884
389,507995811,Clothing,Plus Size Tops,1.5,13.49,4.333333333333333
390,829098148,Home,Kids' Sheets,7.5,51.99,4.6875
391,1766457787,Clothing,Womens Shorts,4.11,5.79,4.166666666666667
392,255946326,Clothing,Men's Movies and TV Tees,4.0,14.99,5.0
393,455894581,Clothing,Mens Pullover Sweaters,5.0,29.99,5.0
394,1267967836,Home,Metal Bed Frames,13.0,86.99,4.589743589743589
395,5469955513,Clothing,Casual Dresses,12.01,16.98,4.666666666666667
396,5316176929,Beauty,Clean Beauty Makeup,0.0,9.98,4.551724137931035
397,5118743904,Clothing,Girls Coats and Jackets,10.14,28.99,3.9108527131782944
398,908201566,Pets,"All Cat Feeders, Fountains, and Bowls",9.43,10.56,4.064814814814815
399,5294092563,Clothing,Plus Size Pajama Sets,0.0,9.98,4.728451563691839
400,5170388947,Clothing,Young Adult Swimsuits,7.4,10.58,4.916666666666667
401,413714617,Clothing,Womens Bras,10.63,25.35,4.253237410071942
402,472338698,Clothing,Mens Slim Fit Jeans,6.55,56.39,4.223404255319149
403,369367315,Pets,All Dog Dental Care,6.98,29.99,4.2
404,494669579,Clothing,Wireless Bras,5.0,12.99,4.38368580060423
405,1331751223,Clothing,Womens Swimsuit Cover-ups,6.0,13.88,3.6153846153846154
406,172401971,Clothing,Plus Size Activewear,4.0,13.99,3.7836538461538463
407,284562411,Clothing,Cardigans for Women,2.96,19.99,3.923076923076923
408,920987081,Clothing,Mens Workout Clothing,17.0,37.95,4.842105263157895
409,5157204153,Clothing,Mens Pajama Sets,13.0,24.99,4.647058823529412
410,1638119585,Home,Colored Sheets,11.0,21.99,4.564705882352941
411,569572519,Clothing,Low Support,7.25,21.75,5.0
412,3204034213,Home,Cooling Sheets,5.8,52.2,5.0
413,1746644909,Clothing,Wireless Bras,0.6,4.09,3.142857142857143
414,46068414,Premium Beauty,Premium Hair Styling Products,1.87,16.13,4.315649867374005
415,999564173,Home,All Runner Rugs,4.9,44.1,4.5
416,351681309,Party & Occasions,Halloween Themed Clothing,1.7,15.29,4.5
417,5530831029,Home,Bedding Sets,105.0,24.99,4.304878048780488
418,5066959782,Home,Wedding Tablecloths,4.19,12.8,4.621794871794871
419,1942484324,Clothing,Plus Size Tops,0.9,6.19,3.5625
420,10801127,Food,Whipped Toppings,0.0,1.98,4.659305993690852
421,965054107,Clothing,Mens Graphic Tees,4.0,14.99,5.0
422,453089336,Health and Medicine,Arthritis pain relief,0.0,55.0,4.445557267591166
423,1516694163,Clothing,Low Support,14.5,14.5,5.0
424,1906381169,Clothing,Mens Casual Button Down Shirts,7.0,19.99,4.388888888888889
425,5606778747,Clothing,Womens Pants,0.79,6.98,4.75
426,1469896755,Clothing,Tshirts for Women,2.0,11.99,4.071428571428571
427,391816176,Clothing,Womens Casual Shoes,24.96,49.98,4.460490463215259
428,1720306083,Clothing,Girls Dresses,19.96,27.99,4.588235294117647
429,5242746669,Clothing,Shop all kids,1.98,8.0,4.666666666666667
430,5278227251,Clothing,Womens Tops,24.0,14.99,4.588235294117647
431,408608184,Personal Care,Hand Soaps,0.0,8.97,3.7493765586034913
432,1226940529,Arts Crafts & Sewing,Stickers,8.02,3.21,5.0
433,205242278,Home,All Area Rugs,6.7,60.3,5.0
434,1160636802,Clothing,Mens Thermal Underwear,12.0,27.99,4.681034482758621
435,5353145797,Clothing,Belts,1.2,10.79,4.837837837837838
436,1728596655,Pets,All Cat Food,0.0,13.98,4.784879189399844
437,1215580783,Clothing,Mens Workout Shorts,5.0,14.99,5.0
438,189455189,Food,Grains,0.0,72.99,4.9743589743589745
439,921370451,Clothing,Fruit of the Loom Mens T-Shirts,0.89,6.97,4.4245283018867925
440,925909118,Home,Pillowcases,5.0,10.99,4.644646924829157
441,5158180497,Health and Medicine,Pain Relief,0.0,9.28,4.648221343873518
442,3084212208,Home,Shop Curtains,36.4,145.6,5.0
443,952556801,Home,Dinnerware & Serving Storage,6.0,28.99,4.8
444,6838112687,Clothing,Big and Tall Pajama Bottoms,18.24,29.2,4.4
445,705018473,Clothing,Plus Size Tops,4.0,14.99,4.4431137724550895
446,390197017,Baby,Toddler Bedding Sets & Sheets,24.0,126.0,3.0
447,5292671987,Home,Queen Beds,323.7,176.29,4.853018372703412
448,6915065353,Clothing,Plus Size Tops,45.0,14.99,4.485123966942148
449,187071360,Clothing,Womens Shorts,9.56,18.56,2.0
450,40331232,Clothing,Mens Workout Clothing,5.78,24.09,4.439024390243903
451,702951316,Clothing,Womens Activewear,24.9,18.99,3.6
452,5540168677,Clothing,Maternity Shorts,7.0,29.99,4.642857142857143
453,1529931788,Clothing,Casual Dresses,2.04,14.95,5.0
454,5287092459,Clothing,Toddler Girls Outfit Sets,20.0,13.99,4.695121951219512
455,25519827,Premium Beauty,Premium Cologne for Men,14.81,66.35,4.475
456,1856819911,Clothing,Womens Plus Shorts,0.9,6.29,2.533333333333333
457,3198736704,Home,White Sheets,11.8,106.19,5.0
458,3463158651,Home,Cooling Sheets,6.9,62.1,5.0
459,1530953176,Clothing,Casual Dresses,13.02,19.97,4.447505584512286
460,1479601634,Clothing,Baby Girls Casual Dresses,6.18,29.42,4.777777777777778
461,5205925876,Clothing,Womens Cropped Jeans,5.76,19.22,4.466666666666667
462,5571552882,Clothing,Plus Size Tops,3.0,11.99,4.604444444444445
463,2383459550,Home,Shop Curtains,23.2,92.8,3.0
464,1571055544,Clothing,Plus Size Tshirts,0.7,5.09,2.8
465,194099996,Home,All Runner Rugs,9.53,39.99,4.780515117581187
466,1184268274,Clothing,Toddler Boys Swim Trunks,1.17,9.87,5.0
467,587166337,Home,Couch Covers,20.0,49.99,4.571428571428571
468,138554336,Home,All Area Rugs,120.39,148.5,4.667731629392971
469,744949530,Home,Microfiber Sheets,10.0,17.99,4.645161290322581
470,182543171,Food,Chocolate Bars,0.0,4.86,4.784810126582278
471,5413039029,Clothing,Womens Tops,12.0,12.99,4.923076923076923
472,949530610,Clothing,Mens T-Shirts,1.72,10.08,4.683168316831683
473,431812530,Clothing,Mens Pants,8.88,19.98,4.0
474,5437274320,Clothing,Womens Swimsuit Tops,8.0,15.99,5.0
475,721445527,Clothing,Mens Swimwear,7.73,11.26,4.0
476,573614161,Pets,All Cat Treats,0.0,9.06,4.7416232315711095
477,259195843,Food,Extracts & Flavoring,0.0,29.95,4.933333333333334
478,2042196381,Clothing,Womens Workwear Blouses,17.3,12.69,4.634361233480176
479,2580740549,Patio & Garden,NFL Flags,3.57,10.62,5.0
480,129078929,Clothing,Womens Booties,26.0,43.99,4.3076923076923075
481,2720154126,Clothing,Womens Tank Tops,27.01,12.98,4.7272727272727275
482,45091502,Home,Shop Curtains,0.0,9.94,4.372770511296076
483,348784401,Clothing,Plus Size Lingerie,2.5,22.49,4.197530864197531
484,334681808,Clothing,Womens Shoes,10.8,25.2,4.594174757281554
485,1724059685,Home,All Area Rugs,54.99,145.0,5.0
486,5318876832,Clothing,Plus Size Pants,6.66,40.03,4.166
487,2166765925,Clothing,Womens Workwear Pants,3.2,19.75,4.5476190476190474
488,5329337627,Pets,Pate Wet Cat Food,0.0,24.0,4.376478318002628
489,662186228,Home,Bed Sheets,7.4,16.59,4.4822695035460995
490,3572144286,Clothing,Mens Polo Shirts,22.31,14.68,4.580357142857143
491,242303426,Health and Medicine,Meal Replacements,0.0,8.72,4.862745098039215
492,841317555,Clothing,Womens Tops,6.99,6.99,3.0
493,5045669548,Home,Kids' Quilts,36.0,29.99,4.520833333333333
494,3046604016,Home,9 Drawer Dressers,147.0,52.99,4.523148148148148
495,389782477,Food,Frozen Sandwiches,0.0,1.24,4.2
496,229653852,Toys,Kites,3.0,13.99,4.48314606741573
497,555974352,Clothing,Big and Tall Shorts,5.04,36.05,3.7083333333333335
498,3588670272,Clothing,Toddler Sandals,4.0,15.99,4.645833333333333
499,512420879,Health and Medicine,Garlic Pills,0.0,9.99,4.916666666666667
500,5658552152,Clothing,Toddler Dress Shoes,14.0,14.99,5.0
501,546469522,Clothing,Juniors Rompers & Jumpsuits,5.0,14.99,4.441860465116279
502,5455085483,Clothing,Tshirts for Women,6.4,13.59,4.543352601156069
503,978644343,Clothing,Plus Size Jeans,8.35,62.76,4.5
504,5495892018,Sports & Outdoors,All Baseball Gear & Equipments,1.5,13.49,4.363636363636363
505,176751313,Clothing,Plus Size Underwire Bras,7.19,40.81,4.136363636363637
506,273277798,Clothing,Mens Slim Fit Jeans,6.0,28.99,1.0
507,5548502355,Clothing,Womens Blouses,26.0,13.99,4.485123966942148
508,1133249439,Clothing,Womens Blouses,11.99,14.99,3.5714285714285716
509,5159680172,Clothing,Womens Tank Tops,3.0,14.99,4.035714285714286
510,103296377,Home,Bed Skirts,2.2,19.79,4.357142857142857
511,980677354,Home,Shop Curtains,4.22,29.11,4.589879518072289
512,1921006587,Clothing,Womens Skirts,2.4,21.59,4.6
513,5110526365,Clothing,Plus Size Pajama Sets,17.0,22.99,4.723549488054608
514,1825469871,Home,Shop All Doormats,8.0,16.99,4.642585551330798
515,5661609857,Beauty,Auburn Hair Color,0.0,35.91,4.1928149158708505
516,2113674813,Home,Black Curtains,29.2,116.8,4.2
517,394232179,Clothing,Plus Size Tops,0.9,6.19,3.5625
518,109158823,Clothing,Womens Plus Swimsuits,3.0,11.99,4.0
519,126699313,Pets,All Dog Food,0.0,1.82,4.442930153321976
520,2038024335,Clothing,Plus Size Jeans,5.89,37.52,4.363636363636363
521,5498678230,Home,Desk Chairs,130.0,69.99,4.352941176470588
522,1923891914,Home,Cooling Sheets,5.5,49.5,5.0
523,795932094,Home,All Area Rugs,245.25,236.75,4.888888888888889
524,5354771215,Beauty,Nails,0.5,4.49,3.32
525,5753314187,Clothing,Womens Flat Sandals,9.0,19.99,4.625
526,381632255,Home,Teens' Comforters Sets,32.5,72.99,4.72
527,3855217628,Clothing,Reebok Womens Socks,0.0,14.97,4.527738264580369
528,3402143185,Beauty,Shop All Top-Rated Beauty,0.0,3.28,3.5
529,2844883584,Clothing,Bodycon Dresses,15.05,24.94,3.3333333333333335
530,951431493,Home,Sheet Sets,25.5,31.49,4.611153494049436
531,990684483,Home,All Runner Rugs,14.82,88.98,4.53125
532,171887767,Clothing,Mens Workout Shirts,1.45,9.99,4.722222222222222
533,2110075117,Home,Shop Curtains,13.6,54.4,5.0
534,1746820702,Baby,Toddler Bedding Sets & Sheets,8.6,77.39,3.0
535,269604557,Clothing,Mens Work Uniforms,2.1,14.69,3.727272727272727
536,281970524,Clothing,Womens One-piece Swimsuits,4.0,19.99,4.508196721311475
537,3329480014,Clothing,Womens Sweaters,13.0,19.99,4.473684210526316
538,615343705,Clothing,Mens Tuxedos,3.08,27.67,3.3333333333333335
539,2766690588,Clothing,Casual Dresses,5.0,14.99,4.125
540,848798939,Food,Shop all Snack Bars,9.0,46.47,4.363636363636363
541,56178185,Beauty,Essie Nail Polish,2.03,10.97,4.262445240939865
542,5570308806,Clothing,Womens Workwear Blouses,3.0,14.99,4.222222222222222
543,54973396,Home,Fabric Tablecloths,2.9,24.07,5.0
544,968072447,Clothing,Plus Size Tshirts,5.19,11.8,3.203791469194313
545,213773091,Clothing,Men's Movies and TV Tees,4.0,16.99,1.0
546,5422074273,Clothing,Cargos,0.0,16.98,4.808695652173913
547,5235534483,Clothing,Plus Size Tops,5.7,14.99,4.273972602739726
548,5955601910,Clothing,Womens Two Piece Sets,10.0,44.88,4.181818181818182
549,3265623525,Home,Cooling Sheets,5.6,50.4,5.0
550,197238518,Clothing,Womens Tops,17.99,25.99,4.135
551,789911031,Personal Care,Whitening Toothpaste,1.97,11.01,4.6474226804123715
552,661900017,Clothing,Mens Hoodies,2.43,18.69,4.614191900766143
553,5858797783,Home,Bed In A Bag,52.0,47.99,4.411764705882353
554,944493507,Home,Shop Curtains,3.73,25.99,4.620689655172414
555,5449602367,Clothing,Mens Casual Button Down Shirts,10.0,25.0,4.0
556,5255412427,Clothing,Men's Character Shop,7.56,29.39,5.0
557,811731224,Jewelry,Fine Jewelry,65.0,24.0,4.342281879194631
558,1828984385,Clothing,Boys Outfit Sets,2.97,12.99,5.0
559,5000566387,Clothing,Plus Size Tops,5.0,25.99,4.239130434782608
560,781970403,Clothing,Mens Oxfords Shoes,4.0,35.99,4.824858757062147
561,5399113664,Clothing,Young Adult Swimsuits,8.0,14.99,4.714285714285714
562,685474764,Jewelry,Gemstone Engagement Rings,6.0,32.99,4.289017341040463
563,188574478,Clothing,Womens Panties,1.68,10.32,4.446002805049089
564,3051626681,Clothing,Plus Size Tops,7.4,19.95,4.342175066312997
565,1049286646,Clothing,Womens Workwear Blouses,1.9,17.09,3.764705882352941
566,366367982,Home,Snow Cone Syrup,0.0,9.99,4.666666666666667
567,3944381326,Clothing,Plus Size Tops,5.0,25.99,4.239130434782608
568,642212399,Clothing,Womens One-piece Swimsuits,2.0,5.89,1.0
569,2149072964,Clothing,Womens Wide Leg Pants,14.0,18.99,4.665546218487395
570,1317394371,Clothing,Mens Sweatpants,1.0,6.99,3.984375
571,5258541526,Clothing,Womens Flip Flops,6.0,28.99,4.192982456140351
572,2409305560,Home,Mattress Toppers,200.08,79.88,4.373333333333333
573,5304723590,Clothing,Bralettes,2.97,20.83,3.7944444444444443
574,1685004864,Home,Anti-Fatigue Mats,10.0,23.99,4.4423748544819555
575,284718781,Clothing,White Scrubs,7.0,13.31,4.641025641025641
576,587530794,Home,King Mattresses,0.0,259.0,4.163522012578617
577,643943322,Clothing,Pajama Bottoms,5.07,24.9,4.675
578,663403068,Food,All Halloween Candy,0.0,5.94,4.508972267536705
579,716834839,Clothing,Womens Blouses,4.6,18.39,4.313099041533547
580,867415088,Home,Queen Comforters,182.0,56.99,4.358342665173573
581,948010527,Clothing,Mens Sweatpants,4.0,19.99,3.592814371257485
582,2219211722,Clothing,Mens Safety Shoes,37.15,52.8,5.0
583,450029506,Home,Boys Comforter Sets,16.58,27.99,4.247349823321555
584,867257068,Home,Bed Skirts,2.2,19.79,4.357142857142857
585,707869062,Clothing,Womens Flip Flops,2.0,9.99,3.838709677419355
586,120531433,Clothing,Block Heels,6.0,31.99,4.555555555555555
587,751000864,Clothing,Plus Size Tops,1.5,13.49,5.0
588,1789610247,Clothing,Womens Plus Skirts,1.0,6.99,3.65
589,1674361964,Clothing,Cardigans for Women,11.0,16.99,4.641768292682927
590,1871888846,Clothing,Plus Size Dresses,0.8,6.09,1.0
591,3767897669,Clothing,Womens Athletic Shorts,2.93,15.27,3.891891891891892
592,2871702719,Home,Shop Curtains,29.2,116.8,5.0
593,46108209,Beauty,Cleansing,0.0,7.48,4.491803278688525
594,2842158715,Clothing,Mens Workout Pants,27.02,32.98,4.741935483870968
595,3631271641,Clothing,Womens Workwear Blouses,7.98,13.01,5.0
596,5255852824,Clothing,Womens Tops,6.21,5.77,3.9642857142857144
597,723389733,Home,Fitted Sheets,11.0,14.99,4.361111111111111
598,1272327282,Home,Bathroom Rugs,17.0,30.99,4.079207920792079
599,5636674604,Clothing,Womens Pants,2.0,14.99,4.7190082644628095
600,827790002,Home,Pillowcases,11.97,27.0,4.871287128712871
601,537537596,Clothing,Womens Novelty Socks,0.0,7.97,4.380090497737557
602,2296809880,Clothing,Girls Birthday Outfits,7.97,16.99,4.5
603,619425774,Clothing,Dresses,4.1,9.89,5.0
604,1580280605,Toys,All Kids Costumes & Dress-Up,4.24,37.75,5.0
605,469835808,Clothing,Plus Size Dresses,2.2,6.39,5.0
606,2348411906,Home,Comforter Sets,21.0,55.99,4.640625
607,356494621,Clothing,Underwire Bras,9.5,19.0,4.531645569620253
608,6020514921,Clothing,Womens Turtleneck Sweaters,22.0,41.99,4.609375
609,1596170774,Clothing,Womens Tops,20.0,19.99,4.37256591418232
610,442943934,Clothing,Womens One-piece Swimsuits,4.0,19.99,4.508196721311475
611,5016845519,Clothing,Plus Size Tops,5.0,25.99,4.426229508196721
612,5287761425,Clothing,Womens Tank Tops,22.0,13.99,4.482546201232033
613,5076377125,Clothing,Plus Size Pants,93.16,86.79,3.6923076923076925
614,701833189,Home,Quilts,7.0,32.99,4.8086124401913874
615,681406983,Home,Mattress Toppers,59.58,129.97,4.5624082232011745
616,640049137,Clothing,Mens Athletic Shoes,0.0,26.0,4.261146496815287
617,813818108,Clothing,Mens Work Shirts,6.0,30.99,4.769230769230769
618,178944020,Clothing,Plus Size Dresses,0.88,5.8,3.75
619,1834325590,Clothing,Womens Pajama Sets,27.01,22.98,4.621621621621622
620,5242338628,Clothing,Plus Size Tops,27.01,12.98,4.7272727272727275
621,1850447630,Clothing,Girls Coats and Jackets,4.51,19.99,3.0
622,1195507675,Clothing,Men's Movies and TV Tees,3.0,15.99,5.0
623,727520383,Home,Cooling Sheets,8.0,31.99,4.540697674418604
624,522520633,Clothing,Mens T-Shirts,1.07,8.37,4.580645161290323
625,877815391,Home,Outdoor Tablecloths,6.0,24.99,4.8979591836734695
626,6643019050,Clothing,Young Adult Sweatshirts & Hoodies,52.0,17.99,4.098381070983811
627,5378941877,Clothing,Boys Rash Guards and Swimsuit Sets,10.0,16.98,4.1875
628,5291780375,Clothing,Mens Hiking Sandals,4.99,9.99,4.684210526315789
629,2430292245,Home,Cooling Sheets,9.3,83.7,5.0
630,5113579108,Clothing,Plus Size Tops,16.0,16.99,4.3076923076923075
631,3929420089,Clothing,Wolverine Boots,14.95,85.0,4.4
632,1274809612,Clothing,Mens Swimwear,25.0,14.99,4.5359477124183005
633,5658003706,Beauty,Conditioning Hair Color,0.0,20.94,4.4199251955117305
634,209051435,Clothing,Briefs,2.96,10.04,4.220588235294118
635,2389607103,Food,Ready to heat soup,0.0,26.99,4.2
636,5193241215,Beauty,NYX Professional Eye Makeup,0.0,7.97,4.5827027027027025
637,711383103,Clothing,Plus Size Activewear,7.0,9.99,4.111111111111111
638,232632201,Clothing,Tshirts for Women,1.34,10.66,4.580645161290323
639,5282654772,Home,Kids' Towels,21.0,24.99,4.769230769230769
640,6396758638,Clothing,Jockey Underwear,8.01,9.99,4.514851485148514
641,22406141,Home,Room Darkening Curtains,9.94,18.95,3.9100529100529102
642,5211726888,Clothing,Mens Casual Sneakers,35.0,19.99,4.388888888888889
643,807130892,Clothing,Womens Hoodies,39.0,40.0,4.700854700854701
644,375528680,Home,Bed Sheets,7.4,16.59,4.4822695035460995
645,971135787,Clothing,Womens Bootie Slippers,25.0,74.95,4.42207650273224
646,2199573340,Clothing,Mens Workout Shirts,20.01,27.99,4.705882352941177
647,653650091,Party & Occasions,Halloween Themed Clothing,8.36,13.63,2.5
648,3155849704,Home,Cooling Sheets,5.6,50.4,5.0
649,3977837776,Clothing,Boys Swim Trunks,2.0,14.95,4.621621621621622
650,162048057,Home,Pillowcases,3.0,18.99,4.142857142857143
651,1231618678,Home,Duvet Covers,80.0,24.99,4.710280373831775
652,784549946,Clothing,Boys Gloves & Mittens,3.0,14.99,4.857142857142857
653,273178513,Clothing,Plus Size Jeans,5.0,24.95,4.253521126760563
654,5301024951,Clothing,Boys Slip-ons,8.35,20.64,4.641304347826087
655,3772538778,Clothing,Big and Tall Workout Shorts,28.21,19.79,4.411111111111111
656,3545128586,Clothing,Womens Athletic Shorts,25.01,27.88,4.333333333333333
657,917659884,Home,Bed Sheets,24.49,31.49,4.594405594405594
658,894966089,Clothing,Womens Espadrille Sandals,16.01,41.99,3.8333333333333335
659,958386224,Clothing,Womens Slip on Sneakers,30.01,49.99,4.274231678486998
660,2058502863,Patio & Garden,7 Piece Patio Dining Set,944.0,1685.99,4.6
661,177372531,Premium Beauty,Premium Hair Color,22.03,17.97,4.404761904761905
662,738569571,Clothing,Womens Athletic Shorts,3.3,29.69,3.6923076923076925
663,5602300945,Toys,Cars & SUV Toys,5.44,15.54,5.0
664,5464166617,Clothing,Womens Athletic Shorts,16.0,14.99,5.0
665,1184748900,Clothing,Plus Size Tops,14.1,37.79,4.0
666,757642095,Clothing,Mens Boots,49.96,154.99,4.25
667,5443849113,Clothing,Plus Size Tops,2.0,14.99,4.600622700254741
668,851807311,Clothing,Men's Movies and TV Tees,4.0,14.99,3.909090909090909
669,1311460851,Clothing,Womens Workout Shirts,29.02,36.98,4.636363636363637
670,3262573728,Clothing,Womens Slide Slippers,12.6,29.4,4.0
671,51246983,Health and Medicine,Women's Multivitamins,0.0,26.99,4.369761273209549
672,173315024,Clothing,Mens T-Shirts,1.13,8.64,4.580645161290323
673,5491200472,Food,Snack Bars,0.0,17.49,3.731707317073171
674,132075558,Clothing,Medgear Scrubs,7.0,27.99,3.985294117647059
675,6774065013,Clothing,Womens Pants,26.0,22.99,4.75
676,45087015,Home,All Area Rugs,8.99,26.97,5.0
677,5442868412,Clothing,Womens Swimsuit Bottoms,3.1,11.89,5.0
678,434475523,Home,Bed Skirts,2.7,24.29,4.8
679,5276023004,Clothing,Hipsters,24.01,15.99,4.75
680,2812601267,Clothing,Workout Leggings,50.01,39.99,3.986111111111111
681,976679489,Clothing,Cardigans for Women,3.0,23.95,3.4545454545454546
682,324584783,Home,Pillow Shams,5.0,10.99,4.618556701030927
683,5374836043,Clothing,Womens Swimsuit Bottoms,3.4,12.59,4.545454545454546
684,485100033,Baby,Baby Itching & Rash Treatments,0.0,9.97,4.755208333333333
685,5402107794,Clothing,Womens Pajama Sets,0.0,16.98,4.794520547945205
686,437491833,Clothing,Sandals & Flip-Flops,12.01,47.99,4.741545893719807
687,227252556,Personal Care,Depend for Women,0.0,42.96,4.363421052631579
688,1071546830,Clothing,Party Dresses,4.64,10.35,5.0
689,148612159,Clothing,Womens Blouses,3.0,10.99,3.85
690,609214827,Clothing,Womens Swimsuits,11.99,17.99,4.355263157894737
691,318951763,Home,White Headboards,118.21,90.79,3.6875
692,1445507060,Clothing,Bikinis,2.0,10.99,3.7363636363636363
693,5438189890,Clothing,Baby Boys Dressy Outfit Sets,3.1,27.89,4.7368421052631575
694,378435340,Home,Bed Skirts,7.0,20.97,4.773480662983426
695,946038807,Clothing,Womens Dresses,10.09,14.9,4.5
696,3331024751,Household Essentials,Bathroom Cleaners,0.0,5.99,4.526928675400291
697,5395277312,Seasonal,High School Supplies,380.0,599.0,4.609375
698,1447301850,Clothing,Reebok Womens Socks,0.0,14.97,4.5588235294117645
699,638069385,Clothing,Big and Tall Polo Shirts,4.21,31.89,4.217391304347826
700,343142155,Clothing,Womens Leggings,4.9,30.09,4.504615384615384
701,514417561,Clothing,Boys Athletic Shoes,14.97,34.84,4.502232142857143
702,969756484,Clothing,Casual Dresses,3.0,26.99,4.75
703,2006631791,Clothing,Girls T Shirts,3.0,13.99,3.25
704,3272052424,Clothing,Womens One-piece Swimsuits,12.0,20.99,4.857142857142857
705,3192640084,Clothing,Toddler Girls One-piece Swimsuits,1.41,9.38,3.0
706,3843028104,Toys,All Kids Costumes & Dress-Up,2.97,26.69,5.0
707,389619195,Home,All Runner Rugs,6.3,56.7,4.4298245614035086
708,1131095306,Clothing,Kids Multi Packs,3.0,16.99,4.25
709,3047523261,Home,Shop Curtains,28.8,115.2,5.0
710,1330671813,Clothing,Young Adult Dresses,19.0,12.99,4.338734971249346
711,3569966086,Patio & Garden,Plastic Outdoor Rugs,29.9,269.1,4.2894736842105265
712,5133776504,Clothing,Mens Swim Trunks,6.0,17.0,5.0
713,634290741,Clothing,Big and Tall Polo Shirts,3.62,7.38,4.247696358051777
714,5586004243,Home,Couch Covers,8.0,44.99,4.65
715,294612862,Clothing,Boys Pajama Sets,3.0,11.99,4.253968253968254
716,5452795545,Home,All Area Rugs,13.99,51.96,4.5
717,990631587,Clothing,Black Scrubs,12.3,28.68,3.7444933920704844
718,3264982193,Home,Colored Sheets,9.8,88.19,3.0
719,2007056084,Home,Cooling Sheets,5.7,51.3,5.0
720,5168635291,Clothing,Men's Movies and TV Tees,3.0,15.99,5.0
721,247854986,Party & Occasions,Halloween Themed Clothing,8.74,14.25,2.5
722,1435905497,Baby,Toddler Bedding Sets & Sheets,3.4,30.59,1.0
723,424240661,Clothing,Womens Tops,3.96,35.63,5.0
724,931121091,Pets,No Pull Dog Harnesses,16.0,19.98,4.530864197530864
725,1615356970,Clothing,Womens Shorts,0.7,5.09,3.3157894736842106
726,2727778509,Clothing,Wedge Heels,16.99,37.99,5.0
727,5213945506,Health and Medicine,All Vitamins & Supplements,12.0,23.99,4.466666666666667
728,145946079,Clothing,Womens Panties,2.27,9.73,4.494949494949495
729,1840373646,Baby,Toddler Bedding Sets & Sheets,8.5,76.49,3.0
730,2570734160,Sports & Outdoors,Child Life Jackets,5.3,21.69,4.851851851851852
731,799517514,Home,Bed Skirts,2.5,22.49,4.357142857142857
732,5359488153,Clothing,Womens Athletic Shorts,4.0,13.99,4.277992277992278
733,486462188,Clothing,Workout Leggings,7.0,11.99,4.111111111111111
734,5267464734,Home,Shop All Slow Cookers,42.0,57.99,4.661764705882353
735,603804009,Jewelry,Gold Earrings,519.61,99.99,3.9735099337748343
736,736890330,Clothing,Mens Pants,7.23,54.06,4.213735108619481
737,1783772415,Home,Cotton Sheets,7.5,29.99,4.455128205128205
738,410834007,Clothing,Stilettos,9.0,39.99,4.428571428571429
739,36995775,Food,Seasoning mixes & blends,12.87,13.12,4.777777777777778
740,475973491,Clothing,Mens Workout Shorts,32.11,42.89,4.463320463320463
741,5117551291,Home,Kids' Towels,0.0,8.78,4.851851851851852
742,5321127579,Clothing,Juniors Activewear,7.64,10.34,5.0
743,333588477,Clothing,Womens Sweaters,1.43,10.46,1.0
744,794414806,Clothing,Womens Tank Tops,2.0,9.99,3.247311827956989
745,150973791,Home,All Runner Rugs,7.9,71.1,4.777912621359223
746,845174402,Personal Care,Hand Soaps,0.0,9.45,3.7493765586034913
747,597413133,Clothing,Young Adult Clothing,16.87,50.27,4.232432432432432
748,5492294359,Sports & Outdoors,All Baseball Gear & Equipments,1.6,14.39,4.363636363636363
749,3139034210,Clothing,Womens Sweaters,13.0,19.99,4.473684210526316
750,651165096,Clothing,Plus Size Tunic Tops,13.0,18.99,4.4431137724550895
751,10291017,Food,Pantry staples,0.0,2.28,3.7767175572519083
752,2320713397,Clothing,Womens Sweaters,15.0,24.99,4.829588014981273
753,2294150264,Clothing,Womens Denim Overalls,7.96,25.89,3.0416666666666665
754,2677890305,Clothing,Mens Shorts,11.0,40.0,5.0
755,5164148011,Clothing,Womens Tank Tops,3.0,14.99,4.035714285714286
756,3100329946,Clothing,Womens Skirts,7.0,19.99,3.4375
757,2354001915,Home,Shop Curtains,26.4,105.6,4.545454545454546
758,1769701764,Clothing,Underwire Bras,0.0,16.94,4.232613908872902
759,974681248,Home,All Area Rugs,101.74,86.99,5.0
760,2978837194,Clothing,Lingerie Sets,3.0,19.99,4.888888888888889
761,874138671,Patio & Garden,3 Piece Patio Dining Set,214.0,385.99,4.888888888888889
762,5456564238,Clothing,Womens Blouses,25.99,10.0,4.625
763,447982675,Clothing,Mens Workout Shirts,1.29,6.57,4.4245283018867925
764,5321127580,Clothing,Juniors Activewear,9.09,8.89,5.0
765,1421142720,Clothing,Womens Slides,22.51,39.99,5.0
766,2842975297,Home,Bed Sheets,9.0,37.99,4.707261724659607
767,2211422215,Clothing,Baby Girls Clothing,15.0,13.99,5.0
768,388405730,Home,Flat Sheets,9.0,15.99,4.852459016393443
769,5580712192,Clothing,Womens Footbed Sandals,6.0,19.99,3.6666666666666665
770,5741991357,Clothing,Plus Size Dresses,12.9,19.99,4.546908893709327
771,1113666022,Baby,Toddler Bedding Sets & Sheets,3.2,28.79,1.0
772,5459864163,Clothing,Girls Skirts and Scooters,5.0,9.98,5.0
773,833969367,Party & Occasions,Princess Baby & Toddler Costumes,5.0,9.99,5.0
774,907995515,Clothing,Womens Workwear Blouses,1.9,17.09,4.428571428571429
775,536849814,Beauty,Aveeno Hair Care,2.01,11.99,4.639484978540772
776,305077069,Clothing,Ballet Flats,5.0,44.99,4.377049180327869
777,2335720771,Home,Cooling Sheets,5.7,51.3,5.0
778,5323811559,Clothing,Plus Size Tops,19.0,13.99,4.653609831029186
779,372849596,Home,Bathroom Sets,5.0,12.99,4.613636363636363
780,5784496986,Clothing,Boys Athletic Shorts and Pants,0.61,4.44,1.0
781,5263061917,Clothing,Womens Plus Skirts,8.18,52.69,4.553727008712488
782,142460087,Clothing,Mens Work Coveralls,4.0,34.95,4.033333333333333
783,2546499171,Home,Cooling Sheets,9.4,21.59,4.518032786885246
784,375469856,Clothing,Wedges,12.0,28.99,4.597701149425287
785,334694770,Clothing,Womens Hoodies,1.0,7.49,1.0
786,1969219390,Clothing,Mens Swimwear,5.0,9.99,4.23936170212766
787,1579063028,Home,Fabric Tablecloths,2.0,16.99,4.694267515923567
788,286456181,Clothing,Mens T-Shirts,1.19,8.86,4.580645161290323
789,1914959787,Clothing,Girls Dresses,6.99,28.99,4.5
790,22211125,Beauty,All Makeup,0.0,26.97,3.0
791,5259156723,Clothing,Womens Blouses,28.0,14.99,4.6
792,5146321102,Home,Shop Bedding,17.99,104.0,4.666666666666667
793,2890664646,Clothing,Socks,8.0,17.99,4.317647058823529
794,1129949808,Home,Shop Curtains,21.6,86.4,3.0
795,5172156163,Clothing,Womens Slide Slippers,12.0,13.99,4.23758865248227
796,890933549,Clothing,Plus Size Tshirts,3.77,19.95,4.27240461401952
797,3599349614,Clothing,Mens Workout Pants,27.02,32.98,4.741935483870968
798,5055455726,Clothing,Womens Nightshirts & Gowns,13.0,16.99,4.795698924731183
799,460164326,Clothing,Mens Oxfords Shoes,4.0,35.99,4.824858757062147
800,2783711895,Home,Shop Curtains,38.8,155.2,5.0
801,3250236923,Home,Cooling Sheets,6.2,55.8,5.0
802,2417910874,Clothing,Womens Slides,34.0,66.99,2.883495145631068
803,5326305256,Clothing,Womens Casual Shoes,8.0,28.99,4.359453302961276
804,855837951,Clothing,High Heels,15.81,33.99,5.0
805,5172205930,Pets,Orthopedic Dog Beds,40.0,19.99,4.452173913043478
806,5464020385,Food,Seasoning mixes & blends,0.0,3.97,4.333333333333333
807,1786660054,Clothing,Womens Workwear Blouses,18.83,11.49,4.3578947368421055
808,5106616318,Clothing,Fruit of the Loom Boxer Briefs,0.0,16.98,4.787878787878788
809,538579916,Clothing,Womens Booties,62.52,56.98,5.0
810,5187951341,Clothing,Girls Dresses,8.0,32.99,4.458333333333333
811,942432062,Clothing,Mens Graphic Tees,3.0,15.99,5.0
812,5383710772,Clothing,Baby Girls Swimsuit Cover-ups,48.49,9.99,4.4324324324324325
813,5537013909,Clothing,Toddler Girls Outfit Sets,9.0,10.99,5.0
814,338559263,Clothing,Womens Workwear Skirts,4.79,34.21,4.243243243243243
815,3096395012,Home,Colored Sheets,5.5,49.5,5.0
816,391736091,Patio & Garden,Outdoor Chaise Lounges,40.0,119.99,3.5
817,1743897163,Home,Bed Sheets,72.0,37.99,4.928571428571429
818,2531977069,Clothing,Womens Slides,7.01,9.97,4.75
819,24190989,Pets,All Cat Food,0.0,17.98,4.694013303769402
820,1796059258,Clothing,Womens Dresses,9.8,33.99,5.0
821,178455834,Home,Bath Towels,12.01,37.98,4.670103092783505
822,5070152382,Clothing,Womens Footbed Sandals,10.0,25.99,4.295454545454546
823,842910182,Clothing,Womens Workwear Blouses,5.95,11.04,5.0
824,1985101100,Clothing,Girls Dresses,6.99,28.99,4.5
825,5588310453,Clothing,Womens Tank Tops,0.7,4.29,5.0
826,5296247194,Clothing,Young Adult Swimsuits,9.0,19.99,4.714285714285714
827,5446692947,Clothing,Womens Athletic Shorts,1.5,13.49,4.571428571428571
828,6077957065,Clothing,Womens Nightshirts & Gowns,9.0,17.99,4.666666666666667
829,182430131,Beauty,Liquid Foundation,0.0,12.48,4.332007233273056
830,260485781,Home,Memory Foam Mattresses,284.01,164.99,4.69811320754717
831,5154791062,Clothing,Womens Tops,35.0,10.99,4.669014084507042
832,5002982468,Clothing,Jockey Panties,5.0,13.99,4.43010752688172
833,2972690411,Home,Shop Curtains,18.0,72.0,5.0
834,10321730,Food,Condensed soup,0.0,1.72,4.573831775700935
835,3332740914,Clothing,Plus Size Tunic Tops,5.9,30.67,4.414868105515588
836,970939244,Clothing,Workout Tank Tops,5.0,11.99,5.0
837,789503917,Pets,DreamBone,0.0,12.98,4.795566502463054
838,553201076,Clothing,Mens Walking Shoes,12.43,77.72,4.518518518518518
839,3789037962,Clothing,Womens Pajama Sets,7.0,28.99,5.0
840,199409627,Clothing,Briefs,2.84,18.81,4.178571428571429
841,293568564,Clothing,Juniors Blouses & Shirts,2.91,14.99,3.849056603773585
842,45696491,Personal Care,Hand Creams,0.0,8.11,4.726027397260274
843,887305646,Food,Hot Cereal & Grits,0.0,7.42,4.823076923076923
844,926616414,Home,All Area Rugs,15.7,141.3,4.583267561168114
845,958257612,Clothing,Womens Ankle Socks,0.0,13.97,4.29958058717795
846,5271677233,Clothing,Womens Tank Tops,17.0,12.99,4.5
847,5619052041,Clothing,Mens Pants,8.51,19.99,4.542857142857143
848,446839423,Baby,Toddler Bedding Sets & Sheets,7.59,60.72,1.0
849,2212970912,Clothing,High Support,10.0,9.99,4.571428571428571
850,5589451590,Home,Slipcovers,13.0,16.99,4.65
851,6292721825,Home,All Area Rugs,6.0,53.99,4.329775880469584
852,2116483962,Clothing,Tshirts for Women,5.69,18.97,3.9285714285714284
853,5005432766,Home,Shop Curtains,12.57,38.66,4.346153846153846
854,5333084803,Clothing,Mens Casual Button Down Shirts,15.0,29.99,5.0
855,5088382174,Clothing,Plaid Pajamas,3.0,24.99,3.6666666666666665
856,187606582,Clothing,Plus Size T-Shirt Bras,15.4,28.6,4.135900339750849
857,5605488846,Clothing,Block Heels,18.0,31.99,4.324276169265033
858,162709782,Clothing,Scrub Tops,5.58,22.99,4.5195530726256985
859,682025831,Jewelry,Gemstone Engagement Rings,6.0,32.99,4.289017341040463
860,5497424655,Clothing,Mens Shoes,37.62,52.38,4.0
861,557735516,Home,Beach Towels,55.99,23.99,3.69811320754717
862,1357206123,Home,Bed Sheets,72.0,37.99,4.865853658536586
863,5395428588,Clothing,Casual Dresses,10.11,18.88,4.816666666666666
864,6195974233,Clothing,Plus Size Tshirts,19.0,10.99,4.338983050847458
865,1979723992,Clothing,Mens Swimwear,18.0,14.99,4.133802816901408
866,2399732101,Patio & Garden,Plastic Outdoor Rugs,8.7,78.3,4.5
867,830467712,Personal Care,Dr Teal's Bubble Bath,0.0,5.87,4.762589928057554
868,1639387353,Patio & Garden,Propane Gas Grills,80.03,98.97,4.584905660377358
869,1943829458,Clothing,Casual Dresses,24.0,19.99,4.7272727272727275
870,2005313526,Home,Sateen Sheets,9.8,88.19,4.2
871,627797299,Pets,Outdoor Dog Beds,17.59,44.99,4.560853950518755
872,1282533428,Clothing,Toddler Girls Outfit Sets,14.0,19.99,4.695121951219512
873,996202291,Pets,All Dog Kennels,10.0,84.99,4.243243243243243
874,1549187083,Clothing,Womens Casual Shoes,10.0,39.99,4.291666666666667
875,1242706991,Clothing,Womens Plus Skirts,9.15,40.81,4.18202502844141
876,5291608666,Home,Pillowcases,5.0,17.99,4.696
877,5498695276,Clothing,Mens Casual Button Down Shirts,24.01,14.98,4.6
878,3400466863,Clothing,Plus Size Jeans,8.0,36.99,3.8999053478466634
879,5164405142,Clothing,Womens Booties,14.95,34.98,4.332243296272074
880,1517101893,Clothing,Womens Pants,17.0,14.99,3.8684210526315788
881,1189249949,Clothing,Plus Size Tops,0.8,5.89,4.0
882,212660235,Clothing,Mens Polo Shirts,7.05,30.62,4.6875
883,5032686642,Clothing,Boys Tshirts,3.0,14.98,2.3333333333333335
884,491183777,Home,Pillowcases,1.3,11.69,3.8
885,2969593587,Clothing,Womens Panties,2.2,10.8,4.372093023255814
886,5753146161,Personal Care,Mens Body Wash,0.0,6.47,4.730650154798762
887,1836482959,Clothing,Womens Thermal Underwear,5.0,22.99,4.5588235294117645
888,2071800712,Clothing,Girls Rompers,6.0,18.99,3.0
889,786961428,Clothing,Girls Pajama Sets,2.0,9.99,4.368421052631579
890,121961080,Clothing,Mens Workout Shirts,3.5,31.49,4.363636363636363
891,5579917144,Clothing,Womens Tops,6.4,13.59,4.543352601156069
892,627541260,Clothing,Mens Slippers,0.0,27.99,4.3428571428571425
893,40329655,Clothing,Boys Tshirts,1.07,6.85,4.166666666666667
894,5150388132,Clothing,Girls Dresses,8.0,32.99,4.458333333333333
895,2251005192,Clothing,Plus Size Dresses,9.13,43.79,5.0
896,1094272697,Clothing,Mens Workout Shorts,0.0,9.98,4.635111876075731
897,1996695931,Clothing,Mens T-Shirts,6.0,19.99,4.644927536231884
898,5178800099,Sports & Outdoors,Canopies,120.0,179.99,4.444444444444445
899,1186578586,Auto & Tires,Air Car Seat Cushions,3.88,15.0,3.8285714285714287
900,482608909,Clothing,Plus Size Activewear,4.0,9.99,2.716417910447761
901,1432750193,Clothing,Lingerie Sets,1.0,6.49,3.625
902,527669619,Clothing,Mens Slim Fit Jeans,8.65,67.85,4.152849740932642
903,1311889122,Clothing,Mens Sweatpants,10.0,19.99,4.235294117647059
904,937072834,Clothing,Mens Workout Shirts,9.11,22.89,4.3426573426573425
905,868795363,Clothing,Ballet Flats,20.0,44.99,4.303975058456742
906,2809598127,Clothing,Boys Rash Guards and Swimsuit Sets,8.01,16.98,4.1875
907,124061797,Clothing,Boys Tshirts,1.35,6.24,4.551020408163265
908,407423849,Clothing,Womens Booties,14.48,56.69,4.0
909,1980636541,Clothing,Young Adult Sweatshirts & Hoodies,52.0,17.99,4.098381070983811
910,2930335791,Home,Comforter Sets,24.0,35.99,4.619246861924686
911,348229800,Clothing,Stilettos,9.0,39.99,4.428571428571429
912,156662195,Clothing,Mens Workout Shirts,1.27,9.25,4.457142857142857
913,3193974299,Home,White Sheets,9.8,88.19,3.0
914,3499753228,Home,Black Curtains,24.8,99.2,5.0
915,5226395312,Clothing,Mens Polo Shirts,22.31,14.68,4.833333333333333
916,382394597,Home,Scented Candles,0.0,16.88,4.638958752515091
917,5630867280,Home,Mattress Pads,14.0,35.99,3.3333333333333335
918,2547269854,Pets,Cat Litter Mats,14.0,19.99,4.796875
919,142456486,Clothing,Baby Girls Clothing,3.0,11.99,4.857142857142857
920,5241683603,Clothing,Casual Dresses,13.0,16.99,4.3532934131736525
921,348114719,Clothing,Mens Workout Shirts,1.3,11.69,4.363636363636363
922,2474453493,Home,Shop Curtains,33.2,132.8,5.0
923,990338209,Food,All Halloween Candy,2.27,16.68,3.9672131147540983
924,2195224775,Home,Bathroom Rugs & Bath Mats,6.0,28.99,4.615384615384615
925,794674247,Clothing,Gender Neutral Newborn Baby Clothing,4.04,22.91,4.643356643356643
926,1793589243,Patio & Garden,7 Piece Patio Dining Set,944.0,1685.99,4.6
927,35950141,Pets,Pets Subscription,0.0,2.74,4.599686028257457
928,182202597,Beauty,NYX Professional Eye Makeup,0.0,9.97,4.180851063829787
929,5090851666,Clothing,Reebok Mens Shoes,30.03,34.97,4.405286343612334
930,2809076142,Home,Shop Curtains,31.2,124.8,4.2
931,14123516,Food,Pantry staples,0.0,2.24,4.222222222222222
932,2406844307,Clothing,Mens Casual Button Down Shirts,4.0,19.99,4.54320987654321
933,736753147,Food,New in peanut butter and spreads,0.0,12.15,4.895833333333333
934,28669603,Beauty,All Conditioner,8.65,11.34,4.7368421052631575
935,1549752693,Clothing,Womens Flat Sandals,2.9,7.29,5.0
936,5486964418,Home,Bed In A Bag,10.0,39.99,3.5
937,329288230,Party & Occasions,Halloween Themed Clothing,2.0,14.99,4.588235294117647
938,540315334,Home,Bed Skirts,7.0,19.97,4.773480662983426
939,5260989718,Clothing,Womens Bucket Hats,5.0,9.99,4.983050847457627
940,2599647180,Home,Throw Pillow Covers,11.34,26.45,3.3333333333333335
941,2894174795,Home Improvement,Beige Paint,30.99,99.0,4.515151515151516
942,882636216,Home,Kitchen Rugs,15.68,47.01,4.108179419525066
943,3638167663,Home,Colored Sheets,5.5,49.5,5.0
944,156310639,Clothing,Womens Tank Tops,1.19,8.46,4.0
945,1543783583,Home,Comforter Sets,105.0,24.99,4.85126582278481
946,429169175,Home,All Area Rugs,27.27,37.99,4.727134146341464
947,1734365938,Clothing,Baby Girls Bodysuits,2.0,17.99,5.0
948,687219623,Home,Boys Comforter Sets,9.0,29.99,4.247349823321555
949,124194662,Clothing,Lingerie Sets,4.1,7.89,2.75
950,5358743094,Clothing,Toddler Girls Casual Dresses,10.5,11.49,5.0
951,1597065973,Clothing,Block Heels,64.01,35.99,4.375
952,1699667139,Baby,Toddler Bedding Sets & Sheets,3.0,26.99,1.0
953,171629953,Home,Colored Sheets,12.5,15.99,4.593552101324122
954,1702091300,Clothing,Womens Sneakers,41.0,28.99,4.7218045112781954
955,252142487,Clothing,Mens Pants,6.0,22.98,4.285714285714286
956,3069399905,Clothing,Baby Girls Casual Dresses,12.0,14.99,4.2
957,576255453,Clothing,Womens Nightshirts & Gowns,3.12,20.87,4.102325581395349
958,5077062607,Clothing,Womens Button Down Shirts,19.0,13.99,4.703703703703703
959,819152370,Clothing,Plus Size Loungewear,5.14,14.85,4.142857142857143
960,654199125,Clothing,Womens One-piece Swimsuits,4.0,15.99,3.0232558139534884
961,228477707,Health and Medicine,Men's Multivitamins,2.04,8.15,4.601769911504425
962,934585361,Clothing,Mini Dresses,2.3,7.29,3.0
963,283928117,Clothing,Womens Booties,8.6,68.69,4.423076923076923
964,517880131,Patio & Garden,Shop All Patio Furniture,281.0,348.99,4.803571428571429
965,6003465421,Clothing,Womens Swimsuit Tops,7.89,25.99,5.0
966,46280772,Personal Care,Hand Creams,0.0,7.97,4.719033232628399
967,5091583903,Home,Bed Pillows,50.0,29.99,4.710097719869707
968,3408509128,Beauty,Deep Conditioner,0.0,5.91,4.612676056338028
969,1561196134,Clothing,Plus Size Tops,6.0,6.11,3.6628242074927955
970,1511750291,Home,Bed Skirts,3.6,32.39,4.0
971,903980841,Home,Bed Skirts,2.5,22.49,4.8
972,2559020018,Patio & Garden,Wood Sheds,288.0,159.99,4.260586319218241
973,2674700762,Home,Shop Curtains,18.4,73.6,5.0
974,973604797,Home,Picture Frames Shop All,0.0,15.0,4.47196261682243
975,52271084,Premium Beauty,All American Crew,0.0,12.99,4.6395939086294415
976,5802524271,Clothing,Womens Pants,0.89,7.88,4.75
977,1098927823,Clothing,Hanes Mens T-Shirts,4.0,10.0,4.366197183098592
978,1954681481,Clothing,Plus Size Tops,5.0,25.99,4.239130434782608
979,943193551,Clothing,Womens Tank Tops,6.0,12.9,4.555555555555555
980,283296798,Clothing,Womens Casual Shoes,3.0,11.98,3.765072765072765
981,1597346185,Clothing,Mens Cardigans and Zip-up Sweaters,11.8,8.19,1.0
982,468030044,Clothing,Plus Size Jeans,20.85,48.65,4.320099255583126
983,1127823001,Home,Quilt Sets,27.8,25.19,4.383561643835616
984,484579696,Patio & Garden,Clearance Outdoor Cooking,18.0,56.99,4.4880803011292345
985,5154946825,Clothing,Fruit of the Loom Boxer Briefs,10.5,18.98,4.647604327666151
986,1891114442,Clothing,Girls Dresses,7.69,14.99,4.775
987,5201103967,Beauty,Liquid Foundation,0.0,6.88,4.344311377245509
988,557526814,Clothing,Womens Booties,39.05,89.95,4.3351461590754585
989,3570466301,Clothing,Womens Workwear Sweaters,7.0,29.99,4.589041095890411
990,1993962962,Sports & Outdoors,Tennis Skirts,0.9,6.89,3.0
991,849308072,Home,Character Bedding,7.5,26.99,4.247349823321555
992,1590683321,Clothing,Tshirts for Women,2.99,14.99,4.291666666666667
993,3687173580,Home,Platform Beds,46.02,89.97,4.588724035608308
994,537359758,Clothing,Womens Booties,15.0,70.0,4.408369740170154
995,637751827,Food,Only at Walmart Diet and Lifestyle,0.26,2.08,3.8055555555555554
996,5494180543,Sports & Outdoors,All Baseball Gear & Equipments,1.5,13.49,4.363636363636363
997,578943868,Clothing,Womens Flip Flops,3.0,16.99,3.391304347826087
998,5286825403,Baby,Retractable baby gates,3.6,32.39,3.9130434782608696
999,669112285,Clothing,Dresses,4.1,9.89,5.0
